<?xml version="1.0"?>

<tree>
	<tree text="Loads tree2.xml" src="tree2.xml"/>
	<tree text="Loads NOT_AVAILABLE.xml" src="NOT_AVAILABLE.xml"
		icon="images/xp/folder.png"/>
	<tree text="Loads emptytree.xml" src="emptytree.xml"
		icon="images/xp/folder.png"/>
	<tree text="Loaded Item 3" action="javascript:alert(3)" />
	<tree text="Loaded Item 4" action="javascript:alert(4)">
		<tree text="Loaded Item 4.1" action="javascript:alert(2.1)" />
		<tree text="Loaded Item 4.2">
			<tree text="Loaded Item 4.2.1">
				<tree text="Loaded Item 4.2.1.2"/>
				<tree text="Loaded Item 4.2.1.3"/>
			</tree>
			<tree text="Loaded Item 4.2.2"/>
		</tree>
	</tree>
	<tree text="WebFX Home" action="http://webfx.eae.net"
		icon="http://webfx.eae.net/images/favicon.gif"/>
</tree>